keygen,encrypt,decrypt
129126,163026,201616
129424,163531,217080
126539,162060,205046
127475,163036,228524
130232,164322,225100
127231,163796,201748
132576,162407,199924
127238,166123,201702
126064,161174,201992
127211,163229,207484
127121,165732,212211
128668,163405,207023
126770,172214,207234
149420,178865,208088
126758,163122,204462
135503,171803,206343
129227,165084,206000
132961,165594,205138
129094,165639,206220
127261,162242,200350
130789,162687,210842
126810,169769,203795
125650,162895,201535
128304,163818,203752
132342,166076,202638
131291,168418,204518
126497,160577,199471
128253,171746,202562
126000,163594,200833
127205,161348,199701
